[
{
    "model": "movies.actor",
    "pk": 1,
    "fields": {
        "name": "Case imagine simple shake ahead try."
    }
},
{
    "model": "movies.actor",
    "pk": 2,
    "fields": {
        "name": "Quite despite how entire second. Tough will actually."
    }
},
{
    "model": "movies.actor",
    "pk": 3,
    "fields": {
        "name": "Order I run common man actually tax determine. Coach process letter visit expert house example."
    }
},
{
    "model": "movies.actor",
    "pk": 4,
    "fields": {
        "name": "Hundred president tough such. Water because can personal. Produce million when information fall."
    }
},
{
    "model": "movies.actor",
    "pk": 5,
    "fields": {
        "name": "Bad last father organization edge."
    }
},
{
    "model": "movies.actor",
    "pk": 6,
    "fields": {
        "name": "Evening worry together their hold article not decade."
    }
},
{
    "model": "movies.actor",
    "pk": 7,
    "fields": {
        "name": "Give yet notice simple. Positive site size movie. Light without drive during just rate kid."
    }
},
{
    "model": "movies.actor",
    "pk": 8,
    "fields": {
        "name": "Card movie feel run authority. Leave throughout decade whom enter. Short often large no."
    }
},
{
    "model": "movies.actor",
    "pk": 9,
    "fields": {
        "name": "Save coach result our little professor like use. Son conference game claim administration."
    }
},
{
    "model": "movies.actor",
    "pk": 10,
    "fields": {
        "name": "Southern hard often require. Couple find card. Meet instead film property build page bar high."
    }
}
]
